{
  "weights": [
    0.04078033193945885,
    0.04072251915931702,
    0.04072669520974159,
    0.04075492173433304,
    0.04077572375535965,
    0.04077605903148651,
    0.04077409952878952,
    0.04074091836810112,
    0.04065469279885292,
    0.04062919318675995,
    0.040620267391204834,
    0.04053397849202156,
    0.04044128954410553,
    0.04043598473072052,
    0.039759282022714615,
    0.03912041336297989,
    0.03896184265613556,
    0.03890853375196457,
    0.03886944800615311,
    0.03884504735469818,
    0.03892304748296738,
    0.03886767476797104,
    0.03882843628525734,
    0.03862576559185982,
    0.04092380777001381
  ],
  "ranked": [
    [
      24,
      0.04092380777001381
    ],
    [
      0,
      0.04078033193945885
    ],
    [
      5,
      0.04077605903148651
    ],
    [
      4,
      0.04077572375535965
    ],
    [
      6,
      0.04077409952878952
    ],
    [
      3,
      0.04075492173433304
    ],
    [
      7,
      0.04074091836810112
    ],
    [
      2,
      0.04072669520974159
    ],
    [
      1,
      0.04072251915931702
    ],
    [
      8,
      0.04065469279885292
    ]
  ]
}