{
  "weights": [
    0.040754519402980804,
    0.040608055889606476,
    0.04066220670938492,
    0.04066773131489754,
    0.040662478655576706,
    0.040746528655290604,
    0.04056897386908531,
    0.04058411717414856,
    0.04058326780796051,
    0.040448106825351715,
    0.040607936680316925,
    0.04055779054760933,
    0.04051000252366066,
    0.04050564020872116,
    0.03998110815882683,
    0.03916174918413162,
    0.039109669625759125,
    0.038966551423072815,
    0.03884999081492424,
    0.038861263543367386,
    0.03889407962560654,
    0.038875218480825424,
    0.03908359631896019,
    0.03890904784202576,
    0.040840379893779755
  ],
  "ranked": [
    [
      24,
      0.040840379893779755
    ],
    [
      0,
      0.040754519402980804
    ],
    [
      5,
      0.040746528655290604
    ],
    [
      3,
      0.04066773131489754
    ],
    [
      4,
      0.040662478655576706
    ],
    [
      2,
      0.04066220670938492
    ],
    [
      1,
      0.040608055889606476
    ],
    [
      10,
      0.040607936680316925
    ],
    [
      7,
      0.04058411717414856
    ],
    [
      8,
      0.04058326780796051
    ]
  ]
}