{
  "train_loss": [
    0.8500671439311084,
    0.7946501525447649,
    0.7828851291800246,
    0.7774421715122812,
    0.7754089850384522,
    0.7747299725956777,
    0.7706800252199173,
    0.7699301627957645,
    0.7710261223289896,
    0.7685202912920538,
    0.7666701952762464,
    0.7662950338905349,
    0.7635175061466939,
    0.7622400291044923
  ],
  "val_loss": [
    0.29851919412612915,
    0.28436169028282166,
    0.274349182844162,
    0.27122166752815247,
    0.2755899727344513,
    0.2722915709018707,
    0.271663099527359,
    0.2767464220523834,
    0.2773400843143463,
    0.2725583016872406,
    0.2757737338542938,
    0.2778194546699524,
    0.27607715129852295,
    0.2791735529899597
  ],
  "val_pearson_r": [
    0.10916613787412643,
    0.08367552608251572,
    0.21280527114868164,
    0.20351053774356842,
    0.16234545409679413,
    0.16610273718833923,
    0.1837666928768158,
    0.1797941029071808,
    0.11870604753494263,
    0.14953869581222534,
    0.1369401216506958,
    0.12967045605182648,
    0.14079643785953522,
    0.14618787169456482
  ],
  "best_val_loss": 0.27122166752815247,
  "best_epoch": 4
}