{
  "train_loss": [
    0.9003128499230918,
    0.7974693183513248,
    0.7844040718148736,
    0.7800889135721851,
    0.7746037391617018,
    0.7722007832215989,
    0.7716907109407818,
    0.7691112886566449,
    0.7680408360217424,
    0.768987638218438,
    0.7679956629324485,
    0.7673145870075506,
    0.7641714224044014,
    0.7610680264804293,
    0.7604253672282485
  ],
  "val_loss": [
    0.27864089608192444,
    0.27066946029663086,
    0.2769637405872345,
    0.2719874083995819,
    0.270393431186676,
    0.2713988423347473,
    0.27268919348716736,
    0.2713119089603424,
    0.2731592655181885,
    0.2723870277404785,
    0.2763892710208893,
    0.2797171473503113,
    0.27614498138427734,
    0.2771756947040558,
    0.2799532115459442
  ],
  "val_pearson_r": [
    0.03790685907006264,
    0.13743627071380615,
    0.1559494584798813,
    0.18331679701805115,
    0.2224389910697937,
    0.20859666168689728,
    0.15510550141334534,
    0.1622086614370346,
    0.17176058888435364,
    0.14184118807315826,
    0.20001399517059326,
    0.1885935217142105,
    0.13001930713653564,
    0.15502455830574036,
    0.13252943754196167
  ],
  "best_val_loss": 0.270393431186676,
  "best_epoch": 5
}