{
  "lambdas": {
    "0.0": {
      "best_val_loss": 0.008952111937105656,
      "final_pearson_r": 0.03525765985250473,
      "final_accuracy": 0.18644067645072937,
      "layer_weights": [
        0.0411611944437027,
        0.041035138070583344,
        0.041033003479242325,
        0.04103962704539299,
        0.041031982749700546,
        0.0409880056977272,
        0.04099581390619278,
        0.04095694422721863,
        0.0408356748521328,
        0.040794432163238525,
        0.040698565542697906,
        0.04062381014227867,
        0.040521230548620224,
        0.04046206548810005,
        0.039719533175230026,
        0.03863061964511871,
        0.03856672719120979,
        0.03844187781214714,
        0.0384984090924263,
        0.03842780739068985,
        0.03851333633065224,
        0.03849829360842705,
        0.03897218778729439,
        0.03838351368904114,
        0.04117017984390259
      ]
    },
    "0.1": {
      "best_val_loss": 0.1426016983576119,
      "final_pearson_r": 0.10801653563976288,
      "final_accuracy": 0.38983049988746643,
      "layer_weights": [
        0.040423616766929626,
        0.040455568581819534,
        0.0404512993991375,
        0.04049873724579811,
        0.04046677425503731,
        0.04046836867928505,
        0.04039481654763222,
        0.04037391394376755,
        0.04029436409473419,
        0.04049670696258545,
        0.040728576481342316,
        0.04079342260956764,
        0.0406733900308609,
        0.040940988808870316,
        0.04041379690170288,
        0.039476003497838974,
        0.03921639546751976,
        0.03906707465648651,
        0.03882399573922157,
        0.0388110876083374,
        0.038875237107276917,
        0.039089616388082504,
        0.03923821821808815,
        0.039160821586847305,
        0.04036717489361763
      ]
    },
    "0.3": {
      "best_val_loss": 0.3933796897530556,
      "final_pearson_r": 0.03475090116262436,
      "final_accuracy": 0.4067796468734741,
      "layer_weights": [
        0.03930408135056496,
        0.03972737863659859,
        0.0399809256196022,
        0.040240488946437836,
        0.04031326249241829,
        0.04022735729813576,
        0.04014775902032852,
        0.040026161819696426,
        0.04004170000553131,
        0.04089774563908577,
        0.041544124484062195,
        0.04215361922979355,
        0.042459096759557724,
        0.04221268370747566,
        0.0407215878367424,
        0.038800161331892014,
        0.03803484886884689,
        0.03798014670610428,
        0.0381154827773571,
        0.03846421092748642,
        0.03879671171307564,
        0.039885956794023514,
        0.040181130170822144,
        0.04071009159088135,
        0.03903334215283394
      ]
    },
    "1.0": {
      "best_val_loss": 1.3151824474334717,
      "final_pearson_r": 0.01666554994881153,
      "final_accuracy": 0.40112993121147156,
      "layer_weights": [
        0.039742544293403625,
        0.03997393324971199,
        0.04007595032453537,
        0.04019666835665703,
        0.040258072316646576,
        0.04020273685455322,
        0.0401645265519619,
        0.03999868407845497,
        0.04002271965146065,
        0.04055774211883545,
        0.04122764989733696,
        0.04168887808918953,
        0.04189624637365341,
        0.041474565863609314,
        0.04022223502397537,
        0.039256542921066284,
        0.03866118565201759,
        0.03860849514603615,
        0.0385054349899292,
        0.038626521825790405,
        0.03883570432662964,
        0.03989075869321823,
        0.040130626410245895,
        0.040192000567913055,
        0.03958951681852341
      ]
    }
  },
  "accent_to_idx": {
    "Indian English": 0,
    "Irish English": 1,
    "Mainstream US English": 2,
    "Nigerian English": 3,
    "Scottish English": 4,
    "Southern British English": 5
  }
}