{
  "fractions": [
    {
      "fraction": 0.25,
      "n_utterances": 156,
      "best_val_loss": 0.01179574616253376,
      "best_epoch": 31,
      "final_val_pearson_r": -0.007287338376045227,
      "val_auc": 0.4492533185840708,
      "val_ap": 0.31496283453514223,
      "val_pearson_r": 0.025978488683560452,
      "val_spearman_r": -0.04648988698992805,
      "layer_weights": [
        0.04114267975091934,
        0.041069306433200836,
        0.04104704037308693,
        0.0410834364593029,
        0.04102078825235367,
        0.0410085991024971,
        0.0410057008266449,
        0.04089495539665222,
        0.04078012332320213,
        0.04059605300426483,
        0.040766552090644836,
        0.04048691689968109,
        0.04036808758974075,
        0.04043072089552879,
        0.04001510515809059,
        0.038805484771728516,
        0.0386788472533226,
        0.038555294275283813,
        0.038555681705474854,
        0.03857433795928955,
        0.03847620263695717,
        0.038440972566604614,
        0.03868651017546654,
        0.03840029984712601,
        0.041110314428806305
      ]
    },
    {
      "fraction": 0.5,
      "n_utterances": 230,
      "best_val_loss": 0.009396178647875786,
      "best_epoch": 14,
      "final_val_pearson_r": 0.09200956672430038,
      "val_auc": 0.4961283185840708,
      "val_ap": 0.3416357895841717,
      "val_pearson_r": 0.03494448135054565,
      "val_spearman_r": 0.020840379305854466,
      "layer_weights": [
        0.041035670787096024,
        0.040861353278160095,
        0.04085796698927879,
        0.040813662111759186,
        0.04082672297954559,
        0.040784262120723724,
        0.04073910787701607,
        0.0407271571457386,
        0.040606092661619186,
        0.040368229150772095,
        0.04039253294467926,
        0.040493279695510864,
        0.04031650349497795,
        0.04026244208216667,
        0.040320344269275665,
        0.039364755153656006,
        0.03899848088622093,
        0.0387975312769413,
        0.03881176933646202,
        0.03869478777050972,
        0.038778241723775864,
        0.03872809186577797,
        0.038942016661167145,
        0.0385308675467968,
        0.04094809293746948
      ]
    },
    {
      "fraction": 0.75,
      "n_utterances": 345,
      "best_val_loss": 0.010726772248744965,
      "best_epoch": 9,
      "final_val_pearson_r": 0.05876168608665466,
      "val_auc": 0.551299778761062,
      "val_ap": 0.38681475277285404,
      "val_pearson_r": 0.08993216928400868,
      "val_spearman_r": 0.09328286760587295,
      "layer_weights": [
        0.040955550968647,
        0.040893055498600006,
        0.040884215384721756,
        0.0408901572227478,
        0.04082250967621803,
        0.040801048278808594,
        0.040797650814056396,
        0.040733445435762405,
        0.04047610983252525,
        0.040359821170568466,
        0.04043225571513176,
        0.04030788317322731,
        0.04036480188369751,
        0.04039139673113823,
        0.04006808623671532,
        0.0391545370221138,
        0.03889232128858566,
        0.03866616636514664,
        0.03871703892946243,
        0.03874235227704048,
        0.03879140317440033,
        0.038765162229537964,
        0.039078764617443085,
        0.03901829943060875,
        0.04099598154425621
      ]
    },
    {
      "fraction": 1.0,
      "n_utterances": 544,
      "best_val_loss": 0.009474488906562328,
      "best_epoch": 9,
      "final_val_pearson_r": 0.012031026184558868,
      "val_auc": 0.5255116150442478,
      "val_ap": 0.35982440459252873,
      "val_pearson_r": 0.02299813657660181,
      "val_spearman_r": 0.01826283420086026,
      "layer_weights": [
        0.04106074944138527,
        0.04103817045688629,
        0.041020236909389496,
        0.041047655045986176,
        0.041063182055950165,
        0.04101039096713066,
        0.04101797938346863,
        0.0410253182053566,
        0.040861789137125015,
        0.04082942381501198,
        0.04074105620384216,
        0.04054919630289078,
        0.04016461223363876,
        0.04010867699980736,
        0.03971196338534355,
        0.039123523980379105,
        0.0389302559196949,
        0.03863055258989334,
        0.038497623056173325,
        0.03836454078555107,
        0.0384649820625782,
        0.03849685192108154,
        0.03880533203482628,
        0.03834368661046028,
        0.04109225422143936
      ]
    }
  ],
  "target_type": "gain"
}