{
  "oracle": {
    "trigger_name": "oracle",
    "net_wer_at_10pct": 0.7574403395434833,
    "net_wer_at_20pct": 0.7393509106514642,
    "net_wer_at_30pct": 0.7318609270424465,
    "net_wer_at_50pct": 0.7349392013865719,
    "area_vs_random": 0.6538637543149866
  },
  "random": {
    "trigger_name": "random",
    "net_wer_at_10pct": 2.453924402558176,
    "net_wer_at_20pct": 2.444528413362674,
    "net_wer_at_30pct": 1.2142144317780221,
    "net_wer_at_50pct": 1.1981685332882162,
    "area_vs_random": 0.0
  },
  "confidence": {
    "trigger_name": "confidence",
    "net_wer_at_10pct": 2.938945967865575,
    "net_wer_at_20pct": 2.92349690526494,
    "net_wer_at_30pct": 2.9150944143335216,
    "net_wer_at_50pct": 2.9101672216498304,
    "area_vs_random": -1.329813829472045
  },
  "argmax_accent": {
    "trigger_name": "argmax_accent",
    "net_wer_at_10pct": null,
    "net_wer_at_20pct": 1.2791434922891742,
    "net_wer_at_30pct": 1.0780771660995705,
    "net_wer_at_50pct": 0.7826661416922553,
    "area_vs_random": 0.4543396315276577
  }
}